<?xml version="1.0"?>
<!--<!DOCTYPE metadata SYSTEM "http://www.esri.com/metadata/esriprof80.dtd">-->
<metadata xml:lang="en"><Esri><CreaDate>20070810</CreaDate><CreaTime>11323000</CreaTime><SyncOnce>TRUE</SyncOnce><DataProperties><lineage><Process Name="Merge_1" ToolSource="C:\Program Files\ArcGIS\ArcToolbox\Toolboxes\Data Management Tools.tbx\Merge" Date="20060915" Time="074550">Merge wbdhu12_a_21010002;wbdhu12_a_21010003;wbdhu12_a_21010004;wbdhu12_a_21010005;wbdhu12_a_21010006 M:\PR-DATA\prcov\Watersheds\WBD\WBDPR.shp "HUC_8 HUC_8 true false false 8 Text 0 0 ,First,#,wbdhu12_a_21010002,HUC_8,-1,-1,wbdhu12_a_21010003,HUC_8,-1,-1,wbdhu12_a_21010004,HUC_8,-1,-1,wbdhu12_a_21010005,HUC_8,-1,-1,wbdhu12_a_21010006,HUC_8,-1,-1;HU_8_STATE HU_8_STATE true false false 17 Text 0 0 ,First,#,wbdhu12_a_21010002,HU_8_STATE,-1,-1,wbdhu12_a_21010003,HU_8_STATE,-1,-1,wbdhu12_a_21010004,HU_8_STATE,-1,-1,wbdhu12_a_21010005,HU_8_STATE,-1,-1,wbdhu12_a_21010006,HU_8_STATE,-1,-1;HU_8_DS HU_8_DS true false false 8 Text 0 0 ,First,#,wbdhu12_a_21010002,HU_8_DS,-1,-1,wbdhu12_a_21010003,HU_8_DS,-1,-1,wbdhu12_a_21010004,HU_8_DS,-1,-1,wbdhu12_a_21010005,HU_8_DS,-1,-1,wbdhu12_a_21010006,HU_8_DS,-1,-1;HU_8_NAME HU_8_NAME true false false 60 Text 0 0 ,First,#,wbdhu12_a_21010002,HU_8_NAME,-1,-1,wbdhu12_a_21010003,HU_8_NAME,-1,-1,wbdhu12_a_21010004,HU_8_NAME,-1,-1,wbdhu12_a_21010005,HU_8_NAME,-1,-1,wbdhu12_a_21010006,HU_8_NAME,-1,-1;HU_8_MOD HU_8_MOD true false false 54 Text 0 0 ,First,#,wbdhu12_a_21010002,HU_8_MOD,-1,-1,wbdhu12_a_21010003,HU_8_MOD,-1,-1,wbdhu12_a_21010004,HU_8_MOD,-1,-1,wbdhu12_a_21010005,HU_8_MOD,-1,-1,wbdhu12_a_21010006,HU_8_MOD,-1,-1;HU_8_TYPE HU_8_TYPE true false false 1 Text 0 0 ,First,#,wbdhu12_a_21010002,HU_8_TYPE,-1,-1,wbdhu12_a_21010003,HU_8_TYPE,-1,-1,wbdhu12_a_21010004,HU_8_TYPE,-1,-1,wbdhu12_a_21010005,HU_8_TYPE,-1,-1,wbdhu12_a_21010006,HU_8_TYPE,-1,-1;HUC_10 HUC_10 true false false 10 Text 0 0 ,First,#,wbdhu12_a_21010002,HUC_10,-1,-1,wbdhu12_a_21010003,HUC_10,-1,-1,wbdhu12_a_21010004,HUC_10,-1,-1,wbdhu12_a_21010005,HUC_10,-1,-1,wbdhu12_a_21010006,HUC_10,-1,-1;HU_10_STAT HU_10_STAT true false false 17 Text 0 0 ,First,#,wbdhu12_a_21010002,HU_10_STAT,-1,-1,wbdhu12_a_21010003,HU_10_STAT,-1,-1,wbdhu12_a_21010004,HU_10_STAT,-1,-1,wbdhu12_a_21010005,HU_10_STAT,-1,-1,wbdhu12_a_21010006,HU_10_STAT,-1,-1;HU_10_DS HU_10_DS true false false 10 Text 0 0 ,First,#,wbdhu12_a_21010002,HU_10_DS,-1,-1,wbdhu12_a_21010003,HU_10_DS,-1,-1,wbdhu12_a_21010004,HU_10_DS,-1,-1,wbdhu12_a_21010005,HU_10_DS,-1,-1,wbdhu12_a_21010006,HU_10_DS,-1,-1;HU_10_NAME HU_10_NAME true false false 80 Text 0 0 ,First,#,wbdhu12_a_21010002,HU_10_NAME,-1,-1,wbdhu12_a_21010003,HU_10_NAME,-1,-1,wbdhu12_a_21010004,HU_10_NAME,-1,-1,wbdhu12_a_21010005,HU_10_NAME,-1,-1,wbdhu12_a_21010006,HU_10_NAME,-1,-1;HU_10_MOD HU_10_MOD true false false 20 Text 0 0 ,First,#,wbdhu12_a_21010002,HU_10_MOD,-1,-1,wbdhu12_a_21010003,HU_10_MOD,-1,-1,wbdhu12_a_21010004,HU_10_MOD,-1,-1,wbdhu12_a_21010005,HU_10_MOD,-1,-1,wbdhu12_a_21010006,HU_10_MOD,-1,-1;HU_10_TYPE HU_10_TYPE true false false 1 Text 0 0 ,First,#,wbdhu12_a_21010002,HU_10_TYPE,-1,-1,wbdhu12_a_21010003,HU_10_TYPE,-1,-1,wbdhu12_a_21010004,HU_10_TYPE,-1,-1,wbdhu12_a_21010005,HU_10_TYPE,-1,-1,wbdhu12_a_21010006,HU_10_TYPE,-1,-1;HUC_12 HUC_12 true false false 12 Text 0 0 ,First,#,wbdhu12_a_21010002,HUC_12,-1,-1,wbdhu12_a_21010003,HUC_12,-1,-1,wbdhu12_a_21010004,HUC_12,-1,-1,wbdhu12_a_21010005,HUC_12,-1,-1,wbdhu12_a_21010006,HUC_12,-1,-1;ACRES ACRES true false false 38 Double 9 37 ,First,#,wbdhu12_a_21010002,ACRES,-1,-1,wbdhu12_a_21010003,ACRES,-1,-1,wbdhu12_a_21010004,ACRES,-1,-1,wbdhu12_a_21010005,ACRES,-1,-1,wbdhu12_a_21010006,ACRES,-1,-1;HU_12_STAT HU_12_STAT true false false 11 Text 0 0 ,First,#,wbdhu12_a_21010002,HU_12_STAT,-1,-1,wbdhu12_a_21010003,HU_12_STAT,-1,-1,wbdhu12_a_21010004,HU_12_STAT,-1,-1,wbdhu12_a_21010005,HU_12_STAT,-1,-1,wbdhu12_a_21010006,HU_12_STAT,-1,-1;HU_12_NCON HU_12_NCON true false false 38 Double 9 37 ,First,#,wbdhu12_a_21010002,HU_12_NCON,-1,-1,wbdhu12_a_21010003,HU_12_NCON,-1,-1,wbdhu12_a_21010004,HU_12_NCON,-1,-1,wbdhu12_a_21010005,HU_12_NCON,-1,-1,wbdhu12_a_21010006,HU_12_NCON,-1,-1;HU_12_DS HU_12_DS true false false 12 Text 0 0 ,First,#,wbdhu12_a_21010002,HU_12_DS,-1,-1,wbdhu12_a_21010003,HU_12_DS,-1,-1,wbdhu12_a_21010004,HU_12_DS,-1,-1,wbdhu12_a_21010005,HU_12_DS,-1,-1,wbdhu12_a_21010006,HU_12_DS,-1,-1;HU_12_NAME HU_12_NAME true false false 80 Text 0 0 ,First,#,wbdhu12_a_21010002,HU_12_NAME,-1,-1,wbdhu12_a_21010003,HU_12_NAME,-1,-1,wbdhu12_a_21010004,HU_12_NAME,-1,-1,wbdhu12_a_21010005,HU_12_NAME,-1,-1,wbdhu12_a_21010006,HU_12_NAME,-1,-1;HU_12_MOD HU_12_MOD true false false 20 Text 0 0 ,First,#,wbdhu12_a_21010002,HU_12_MOD,-1,-1,wbdhu12_a_21010003,HU_12_MOD,-1,-1,wbdhu12_a_21010004,HU_12_MOD,-1,-1,wbdhu12_a_21010005,HU_12_MOD,-1,-1,wbdhu12_a_21010006,HU_12_MOD,-1,-1;HU_12_TYPE HU_12_TYPE true false false 1 Text 0 0 ,First,#,wbdhu12_a_21010002,HU_12_TYPE,-1,-1,wbdhu12_a_21010003,HU_12_TYPE,-1,-1,wbdhu12_a_21010004,HU_12_TYPE,-1,-1,wbdhu12_a_21010005,HU_12_TYPE,-1,-1,wbdhu12_a_21010006,HU_12_TYPE,-1,-1;FIPS_C FIPS_C true false false 216 Text 0 0 ,First,#,wbdhu12_a_21010002,FIPS_C,-1,-1,wbdhu12_a_21010003,FIPS_C,-1,-1,wbdhu12_a_21010004,FIPS_C,-1,-1,wbdhu12_a_21010005,FIPS_C,-1,-1,wbdhu12_a_21010006,FIPS_C,-1,-1;area area true false false 38 Double 9 37 ,First,#,wbdhu12_a_21010002,area,-1,-1,wbdhu12_a_21010003,area,-1,-1,wbdhu12_a_21010004,area,-1,-1,wbdhu12_a_21010005,area,-1,-1,wbdhu12_a_21010006,area,-1,-1;len len true false false 38 Double 9 37 ,First,#,wbdhu12_a_21010002,len,-1,-1,wbdhu12_a_21010003,len,-1,-1,wbdhu12_a_21010004,len,-1,-1,wbdhu12_a_21010005,len,-1,-1,wbdhu12_a_21010006,len,-1,-1"</Process><Process Name="Project_2" ToolSource="C:\Program Files\ArcGIS\ArcToolbox\Toolboxes\Data Management Tools.tbx\Project" Date="20060915" Time="074822">Project WBDPR M:\PR-DATA\prcov\Watersheds\pr_wbd_sp.shp PROJCS['NAD_1927_StatePlane_Puerto_Rico_FIPS_5201',GEOGCS['GCS_North_American_1927',DATUM['D_North_American_1927',SPHEROID['Clarke_1866',6378206.4,294.9786982]],PRIMEM['Greenwich',0.0],UNIT['Degree',0.0174532925199433]],PROJECTION['Lambert_Conformal_Conic'],PARAMETER['False_Easting',152400.3048006096],PARAMETER['False_Northing',0.0],PARAMETER['Central_Meridian',-66.43333333333334],PARAMETER['Standard_Parallel_1',18.03333333333333],PARAMETER['Standard_Parallel_2',18.43333333333333],PARAMETER['Latitude_Of_Origin',17.83333333333333],UNIT['Meter',1.0]] NAD_1927_To_NAD_1983_PR_VI</Process><Process ToolSource="C:\Program Files\ArcGIS\ArcToolbox\Toolboxes\Data Management Tools.tbx\AddField" Date="20070810" Time="134017">AddField sw50043800da.shp STATION_NM TEXT 75 # # # NON_NULLABLE NON_REQUIRED # sw50043800da.shp</Process><Process Name="Delete Field" ToolSource="C:\ArcGIS\Desktop10.0\ArcToolbox\Toolboxes\Data Management Tools.tbx\DeleteField" Date="20120124" Time="125905">DeleteField M:\PR-DATA\other-prjs\SW-stats\SW_STAT_DA\sw50043800da.shp da_areami2</Process><Process Name="Add Field" ToolSource="C:\ArcGIS\Desktop10.0\ArcToolbox\Toolboxes\Data Management Tools.tbx\AddField" Date="20120124" Time="130247">AddField M:\PR-DATA\other-prjs\SW-stats\SW_STAT_DA\sw50043800da.shp DA_AREAMI2 DOUBLE # # # # NON_NULLABLE NON_REQUIRED #</Process><Process Name="Calculate Field" ToolSource="C:\ArcGIS\Desktop10.0\ArcToolbox\Toolboxes\Data Management Tools.tbx\CalculateField" Date="20120124" Time="130247">CalculateField M:\PR-DATA\other-prjs\SW-stats\SW_STAT_DA\sw50043800da.shp DA_AREAMI2 [Areami2] VB #</Process><Process Name="Add Field" ToolSource="C:\ArcGIS\Desktop10.0\ArcToolbox\Toolboxes\Data Management Tools.tbx\AddField" Date="20120124" Time="130711">AddField M:\PR-DATA\other-prjs\SW-stats\SW_STAT_DA\sw50043800da.shp REM_DA TEXT # # 150 # NON_NULLABLE NON_REQUIRED #</Process><Process Name="Calculate Field" ToolSource="C:\ArcGIS\Desktop10.0\ArcToolbox\Toolboxes\Data Management Tools.tbx\CalculateField" Date="20120124" Time="130711">CalculateField M:\PR-DATA\other-prjs\SW-stats\SW_STAT_DA\sw50043800da.shp REM_DA "DA_AREAMI2 Drainage area in sqt mi same as basin area" VB #</Process><Process Name="Calculate Field" ToolSource="C:\ArcGIS\Desktop10.0\ArcToolbox\Toolboxes\Data Management Tools.tbx\CalculateField" Date="20120124" Time="131255">CalculateField M:\PR-DATA\other-prjs\SW-stats\SW_STAT_DA\sw50043800da.shp REM_DA "DA_AREAMI2 Drainage area in sq mi same as basin area" VB #</Process><Process ToolSource="C:\ArcGIS\Desktop10.0\ArcToolbox\Toolboxes\Data Management Tools.tbx\CalculateField" Date="20120629" Time="094606">CalculateField sw50043800da DA_AREAMI2 "[Areami2] - 8.206254" VB #</Process><Process ToolSource="C:\ArcGIS\Desktop10.0\ArcToolbox\Toolboxes\Data Management Tools.tbx\CalculateField" Date="20120629" Time="094818">CalculateField sw50043800da REM_DA "DA_AREAMI2 excludes 8.21 mi2 of diverted water, Lago Carite" VB #</Process></lineage></DataProperties><MetaID>{D8E24616-0DCE-453E-8C67-8AF5EAE729F8}</MetaID></Esri><idinfo><citation><citeinfo><onlink Sync="TRUE"></onlink></citeinfo></citation></idinfo><distInfo><distributor><distorTran><onLineSrc><linkage Sync="TRUE">file://</linkage><protocol Sync="TRUE">Local Area Network</protocol></onLineSrc></distorTran></distributor></distInfo><dataqual><lineage><procstep><procdesc Sync="TRUE">Dataset copied.</procdesc><srcused Sync="TRUE"></srcused><date Sync="TRUE">20060915</date><time Sync="TRUE">07482100</time></procstep><procstep><procdesc Sync="TRUE">Dataset copied.</procdesc><srcused Sync="TRUE"></srcused><date Sync="TRUE">20070810</date><time Sync="TRUE">11323000</time></procstep></lineage></dataqual></metadata>
