<?xml version="1.0"?>
<!--<!DOCTYPE metadata SYSTEM "http://www.esri.com/metadata/esriprof80.dtd">-->
<metadata xml:lang="en"><Esri><CreaDate>20070705</CreaDate><CreaTime>15381500</CreaTime><SyncOnce>TRUE</SyncOnce><MetaID>{221125B8-2FD7-4BF5-AA5F-CF7FAD3DF492}</MetaID><DataProperties><lineage><Process ToolSource="C:\Program Files\ArcGIS\ArcToolbox\Toolboxes\Data Management Tools.tbx\AddField" Date="20070719" Time="130838">AddField sw50026025da.shp STATION_NM TEXT 75 # # # NON_NULLABLE NON_REQUIRED # sw50026025da.shp</Process><Process Name="Add Field" ToolSource="C:\ArcGIS\Desktop10.0\ArcToolbox\Toolboxes\Data Management Tools.tbx\AddField" Date="20120124" Time="124502">AddField M:\PR-DATA\other-prjs\SW-stats\SW_STAT_DA\sw50026025da.shp da_areami2 DOUBLE # # # # NON_NULLABLE NON_REQUIRED #</Process><Process Name="Calculate Field" ToolSource="C:\ArcGIS\Desktop10.0\ArcToolbox\Toolboxes\Data Management Tools.tbx\CalculateField" Date="20120124" Time="124502">CalculateField M:\PR-DATA\other-prjs\SW-stats\SW_STAT_DA\sw50026025da.shp da_areami2 [Areami2] VB #</Process><Process Name="Delete Field" ToolSource="C:\ArcGIS\Desktop10.0\ArcToolbox\Toolboxes\Data Management Tools.tbx\DeleteField" Date="20120124" Time="125900">DeleteField M:\PR-DATA\other-prjs\SW-stats\SW_STAT_DA\sw50026025da.shp da_areami2</Process><Process Name="Add Field" ToolSource="C:\ArcGIS\Desktop10.0\ArcToolbox\Toolboxes\Data Management Tools.tbx\AddField" Date="20120124" Time="130237">AddField M:\PR-DATA\other-prjs\SW-stats\SW_STAT_DA\sw50026025da.shp DA_AREAMI2 DOUBLE # # # # NON_NULLABLE NON_REQUIRED #</Process><Process Name="Calculate Field" ToolSource="C:\ArcGIS\Desktop10.0\ArcToolbox\Toolboxes\Data Management Tools.tbx\CalculateField" Date="20120124" Time="130237">CalculateField M:\PR-DATA\other-prjs\SW-stats\SW_STAT_DA\sw50026025da.shp DA_AREAMI2 [Areami2] VB #</Process><Process Name="Add Field" ToolSource="C:\ArcGIS\Desktop10.0\ArcToolbox\Toolboxes\Data Management Tools.tbx\AddField" Date="20120124" Time="130702">AddField M:\PR-DATA\other-prjs\SW-stats\SW_STAT_DA\sw50026025da.shp REM_DA TEXT # # 150 # NON_NULLABLE NON_REQUIRED #</Process><Process Name="Calculate Field" ToolSource="C:\ArcGIS\Desktop10.0\ArcToolbox\Toolboxes\Data Management Tools.tbx\CalculateField" Date="20120124" Time="130702">CalculateField M:\PR-DATA\other-prjs\SW-stats\SW_STAT_DA\sw50026025da.shp REM_DA "DA_AREAMI2 Drainage area in sqt mi same as basin area" VB #</Process><Process Name="Calculate Field" ToolSource="C:\ArcGIS\Desktop10.0\ArcToolbox\Toolboxes\Data Management Tools.tbx\CalculateField" Date="20120124" Time="131249">CalculateField M:\PR-DATA\other-prjs\SW-stats\SW_STAT_DA\sw50026025da.shp REM_DA "DA_AREAMI2 Drainage area in sq mi same as basin area" VB #</Process></lineage></DataProperties></Esri><idinfo><citation><citeinfo><onlink Sync="TRUE">\\IGSAPBEWWS-D143\E\users\msant\Map-Requests\Carlos\SW_stats_da\sws_DA\sw50026025da</onlink></citeinfo></citation></idinfo><distInfo><distributor><distorTran><onLineSrc><linkage Sync="TRUE">file://\\IGSAPBEWWS-D143\E\users\msant\Map-Requests\Carlos\SW_stats_da\sws_DA\sw50026025da</linkage><protocol Sync="TRUE">Local Area Network</protocol></onLineSrc></distorTran></distributor></distInfo><dataqual><lineage><procstep><procdesc Sync="TRUE">Dataset copied.</procdesc><srcused Sync="TRUE">E:\users\msant\Map-Requests\Carlos\SW_stats_da\sw50026025da</srcused><date Sync="TRUE">20070705</date><time Sync="TRUE">15381500</time></procstep></lineage></dataqual></metadata>
